-- phpMyAdmin SQL Dump
-- version 4.9.0.1
-- https://www.phpmyadmin.net/
--
-- Host: localhost:3306
-- Generation Time: Apr 01, 2020 at 02:42 PM
-- Server version: 5.7.26
-- PHP Version: 7.3.8

SET SQL_MODE = "NO_AUTO_VALUE_ON_ZERO";
SET time_zone = "+00:00";

--
-- Database: `ozonecms`
--

-- --------------------------------------------------------

--
-- Table structure for table `categories`
--

CREATE TABLE `categories` (
  `id` bigint(20) UNSIGNED NOT NULL,
  `title` varchar(255) COLLATE utf8mb4_unicode_ci NOT NULL,
  `description` varchar(255) COLLATE utf8mb4_unicode_ci DEFAULT NULL,
  `created_at` timestamp NULL DEFAULT NULL,
  `updated_at` timestamp NULL DEFAULT NULL
) ENGINE=InnoDB DEFAULT CHARSET=utf8mb4 COLLATE=utf8mb4_unicode_ci;

--
-- Dumping data for table `categories`
--

INSERT INTO `categories` (`id`, `title`, `description`, `created_at`, `updated_at`) VALUES
(1, 'تركيا', NULL, '2020-03-28 07:48:46', '2020-03-29 02:06:58'),
(2, 'العالم', NULL, '2020-03-29 02:06:42', '2020-03-29 02:06:42'),
(3, 'الإقتصاد', NULL, '2020-03-29 02:06:50', '2020-03-29 02:06:50');

-- --------------------------------------------------------

--
-- Table structure for table `failed_jobs`
--

CREATE TABLE `failed_jobs` (
  `id` bigint(20) UNSIGNED NOT NULL,
  `connection` text COLLATE utf8mb4_unicode_ci NOT NULL,
  `queue` text COLLATE utf8mb4_unicode_ci NOT NULL,
  `payload` longtext COLLATE utf8mb4_unicode_ci NOT NULL,
  `exception` longtext COLLATE utf8mb4_unicode_ci NOT NULL,
  `failed_at` timestamp NOT NULL DEFAULT CURRENT_TIMESTAMP
) ENGINE=InnoDB DEFAULT CHARSET=utf8mb4 COLLATE=utf8mb4_unicode_ci;

-- --------------------------------------------------------

--
-- Table structure for table `migrations`
--

CREATE TABLE `migrations` (
  `id` int(10) UNSIGNED NOT NULL,
  `migration` varchar(255) COLLATE utf8mb4_unicode_ci NOT NULL,
  `batch` int(11) NOT NULL
) ENGINE=InnoDB DEFAULT CHARSET=utf8mb4 COLLATE=utf8mb4_unicode_ci;

--
-- Dumping data for table `migrations`
--

INSERT INTO `migrations` (`id`, `migration`, `batch`) VALUES
(10, '2014_10_12_000000_create_users_table', 1),
(11, '2014_10_12_100000_create_password_resets_table', 1),
(12, '2019_08_19_000000_create_failed_jobs_table', 1),
(13, '2020_03_26_211338_create_categories_table', 1),
(14, '2020_03_27_093250_create_posts_table', 1),
(15, '2020_04_01_011708_add_vistit_count_column_to_posts_table', 2),
(16, '2020_04_01_012156_add_visit_count_column_to_posts_table', 3);

-- --------------------------------------------------------

--
-- Table structure for table `password_resets`
--

CREATE TABLE `password_resets` (
  `email` varchar(255) COLLATE utf8mb4_unicode_ci NOT NULL,
  `token` varchar(255) COLLATE utf8mb4_unicode_ci NOT NULL,
  `created_at` timestamp NULL DEFAULT NULL
) ENGINE=InnoDB DEFAULT CHARSET=utf8mb4 COLLATE=utf8mb4_unicode_ci;

-- --------------------------------------------------------

--
-- Table structure for table `posts`
--

CREATE TABLE `posts` (
  `id` bigint(20) UNSIGNED NOT NULL,
  `title` varchar(255) COLLATE utf8mb4_unicode_ci NOT NULL,
  `caption` varchar(255) COLLATE utf8mb4_unicode_ci DEFAULT NULL,
  `description` varchar(500) COLLATE utf8mb4_unicode_ci DEFAULT NULL,
  `tags` varchar(255) COLLATE utf8mb4_unicode_ci DEFAULT NULL,
  `body` text COLLATE utf8mb4_unicode_ci,
  `img` varchar(255) COLLATE utf8mb4_unicode_ci DEFAULT NULL,
  `user_id` int(11) DEFAULT NULL,
  `source` varchar(255) COLLATE utf8mb4_unicode_ci DEFAULT NULL,
  `category_id` int(11) DEFAULT NULL,
  `post_type_id` int(11) DEFAULT NULL,
  `special_post_id` int(11) DEFAULT NULL,
  `is_active` varchar(10) COLLATE utf8mb4_unicode_ci DEFAULT NULL,
  `is_featured` varchar(2) COLLATE utf8mb4_unicode_ci DEFAULT NULL,
  `is_news_crasoul` varchar(2) COLLATE utf8mb4_unicode_ci DEFAULT NULL,
  `is_news_breaknews` varchar(2) COLLATE utf8mb4_unicode_ci DEFAULT NULL,
  `created_at` timestamp NULL DEFAULT NULL,
  `updated_at` timestamp NULL DEFAULT NULL,
  `visit_count` int(11) NOT NULL
) ENGINE=InnoDB DEFAULT CHARSET=utf8mb4 COLLATE=utf8mb4_unicode_ci;

--
-- Dumping data for table `posts`
--

INSERT INTO `posts` (`id`, `title`, `caption`, `description`, `tags`, `body`, `img`, `user_id`, `source`, `category_id`, `post_type_id`, `special_post_id`, `is_active`, `is_featured`, `is_news_crasoul`, `is_news_breaknews`, `created_at`, `updated_at`, `visit_count`) VALUES
(82, 'موجز الخامسة: اندهاش فايلر.. حيلة ميتشو .. قائمة بيراميدز', 'عدد الإصابات بفيروس كورونا المستجد زاد على 800 ألف (رويترز)\r\n', 'تطبيق \"بيكس آرت\" (Pics Art) هو محرر صور ذكي سهل الاستخدام يطلق العنان لإبداعك ويمكّنك من صُنع تحف فنية من صورك الشخصية. يمتلك التطبيق شبكة مستخدمين ضخمة للغاية يربو عددهم على نصف مليار مستخدم في جميع أنحاء العالم، يعتمدون على التطبيق في تحرير صورهم الخاصة وتحويلها إلى لوحات فنية غنية بالإبداع والتميّز.\r\n', NULL, 'تجاوزت الإصابات بفيروس كورونا المستجد اليوم الثلاثاء 800 ألف حول العالم، بينما اتسعت رقعة إجراءات العزل التام بهدف احتواء الفيروس الذي حصد أرواح الآلاف.\r\n\r\nوأظهرت معطيات حديثة على موقع \"وورلد ميترز\" الإلكتروني المتخصص في رصد ضحايا كورونا في العالم، ارتفاع الإصابات إلى 801 ألف و61 حالة.\r\n\r\nكما أظهرت البيانات أن عدد المتعافين يقترب من 166 ألفا، وأشارت أيضا إلى أن عدد الوفيات ارتفع إلى 38 ألفا و748 حول العالم.\r\n\r\nوتصدرت الولايات المتحدة الأميركية دول العالم من حيث عدد الإصابات بـ164 ألفا و359، تلتها إيطاليا بـ101 ألف و739، ثم إسبانيا بـ94 ألفا و417 حالة.\r\n\r\nوسجلت الصين التي ظهر فيها الفيروس أول مرة في ديسمبر/كانون الأول الماضي، 81 ألفا و518 إصابة بالفيروس، بحسب المعطيات.\r\n\r\nمن جانبه، قال مسؤول في منظمة الصحة العالمية -اليوم الثلاثاء- إن وباء فيروس كورونا \"أبعد ما يكون عن الانتهاء\" في منطقة آسيا والمحيط الهادي.\r\nاعلان\r\n\r\n\r\nوأوضح المدير الإقليمي لمنطقة غرب المحيط الهادي في منظمة الصحة العالمية تاكيشي كاساي، أن الإجراءات الحالية لكبح انتشار الفيروس تمنح فقط بعض الوقت للدول للاستعداد لانتقال واسع النطاق للعدوى، مشيرا إلى أنه حتى في ظل كل تلك الإجراءات، فإن خطر انتقال العدوى في المنطقة لن يزول ما دام الوباء مستمرا.\r\n\r\nوأضاف أنه ينبغي على الجميع الاستعداد لانتقال واسع النطاق للعدوى، وحذر الدولَ التي تشهد انخفاضا في عدد الحالات من التراخي، وإلا فإن الفيروس قد يعود إليها مجددا.\r\n\r\nعزل تام\r\nمن ناحية أخرى، اتسعت رقعة إجراءات العزل التام بهدف احتواء فيروس كورونا المستجد الذي حصد أرواح الآلاف حول العالم، بينما يتواصل تفشيه بشكل متسارع في الولايات المتحدة.\r\n\r\nورغم ظهور بصيص أمل من إيطاليا التي تأثّرت بشكل كبير بوباء كوفيد-19 الناجم عن الفيروس، فإن الإجراءات المشددة التي أبقت 40% من سكان العالم معزولين في منازلهم امتدت لتشمل مزيدا من المدن والمناطق، في وقت وصل فيه عدد الوفيات نتيجة الوباء في العالم إلى 37 ألفا.\r\n\r\nوانضمت موسكو ولاغوس إلى سلسلة المدن حول العالم التي خلت شوارعها من الحياة، بينما كانت فيرجينيا وماريلاند وواشنطن آخر الولايات الأميركية التي أصدرت أوامر للسكان بالتزام منازلهم، لتشمل إجراءات العزل بشكل أو آخر نحو 75% من الأميركيين.\r\n\r\nوجاء تصريح المتحدث في منظمة الصحة العالمية في وقت أعلنت فيه الصين -اليوم الثلاثاء- تسجيل زيادة في عدد الإصابات الجديدة بفيروس كورونا المستجد، بعد تراجع الأعداد على مدى أربعة أيام.\r\nاعلان\r\n\r\n\r\nوقالت لجنة الصحة الوطنية إنه تم رصد 48 إصابة وخمس وفيات جديدة في البر الرئيسي أمس الاثنين، ارتفاعا من 31 في اليوم السابق.\r\n\r\nوجميع الإصابات الجديدة كانت لأشخاص قادمين من الخارج، ليرتفع إجمالي عدد الإصابات الوافدة إلى 771.\r\n\r\nوذكرت اللجنة أنه لم يتم تسجيل أي إصابة محلية جديدة يوم الاثنين. وبينما تراجع بشدة عدد حالات العدوى المحلية في الصين، تشعر السلطات بالقلق من الحالات بين الوافدين الذين يصابون بالمرض في الخارج، وقد كثفت عمليات الفحص الطبي وإجراءات العزل، كما قلصت عدد الرحلات الجوية الدولية ومنعت دخول معظم الأجانب.\r\n\r\nولليوم السابع على التوالي، لم تسجل مدينة ووهان -عاصمة إقليم هوبي ومركز تفشي الفيروس في الصين- أي إصابات جديدة، بحسب السلطات الصينية.\r\n\r\nوبلغ إجمالي عدد الإصابات المسجلة في الصين حتى يوم الاثنين 81,518 والوفيات 3305.\r\n\r\nمن جهتها، نصحت السلطات اليابانية رعاياها بعدم السفر إلى 73 دولة ومنطقة، أو ثلث دول العالم، في الوقت الذي تكافح فيه الحكومة لمنع زيادة حالات الإصابة بفيروس كورونا.\r\n\r\nوأصدرت وزارة الخارجية تحذيرا من السفر إلى دول منها الولايات المتحدة وكندا والصين وكوريا الجنوبية وبريطانيا، لتضاف إلى أكثر من عشرين دولة أخرى، معظمها في أوروبا، كانت قد حذرت من السفر إليها في الأسابيع الماضية.\r\n\r\nتشغيل الفيديو\r\n \r\nأرقام أميركية مفزعة\r\nوما زالت معدلات الإصابة في الولايات المتحدة -التي أصبحت الأولى عالميا في أعداد المصابين- مرتفعة. وأعلنت جامعة جونز هوبكنز تجاوز عدد الوفيات بسبب فيروس كورونا ثلاثة آلاف، بينما بلغ عدد الإصابات نحو 164 ألفا.\r\n\r\nوفي خطوة طارئة، أصدرت إدارة الغذاء والدواء الأميركية تفويضا بالاستخدام الطارئ لكل من عقّاري هيدروكسي كلوروكين وكلوروكين في علاج الفيروس.\r\n\r\nوقال وزير الصحة إنه تم طرح أكثر من مليون جرعة من عقّار الكلوروكين، في نهاية الأسبوع الماضي. وقد حذر مدير المعهد القومي الأميركي للأمراض المعدية والحساسية أنطوني فاوتشي من إصابة ملايين الأميركيين ووفاة مئة ألف كحد أدنى، ومئتي ألف كحد أقصى.\r\n\r\nوأضاف فاوتشي أنه يتوقع عودة فيروس كورونا في موجة أخرى خلال فصل الخريف، وذلك بالنظر لدرجة انتقاله، غير أنه أشار إلى أن الولايات المتحدة ستكون مستعدة بشكل أفضل للتعامل معه إذا ما حدث ذلك.\r\n\r\nوقد دعا الرئيس الأميركي دونالد ترامب مواطنيه إلى ملازمة منازلهم، والتحلي بالهدوء في مواجهة فيروس كورونا -الذي قال إنه سيزول- وإن واشنطن ستحقق في ذلك نصرا كبيرا.\r\n\r\nوأضاف ترامب -خلال المؤتمر الصحفي اليومي لخلية الأزمة لمكافحة كورونا- أن إدارة الغذاء والدواء الأميركية وافقت على استخدام أجهزة التنفس وأدوات التعقيم التي يقدمها القطاع الخاص.\r\nاعلان\r\n\r\n\r\nوقال إن نحو مليون اختبار أجري للكشف عن الفيروس، وتم نشر أكثر من 14 ألفا من الحرس الوطني للمساعدة في مواجهة الوباء.\r\n\r\nوكشف ترامب أن إنتاج أجهزة التنفس سيزداد بما يكفي لتزويد بعض البلدان، كإيطاليا وإسبانيا. وأكد أن الاقتصاد يأتي في المرتبة الثانية بالنسبة له، وأن الأولوية لإنقاذ الأرواح.\r\n\r\nوفي السياق، أعلن ترامب أن الولايات المتحدة سترسل إمدادات طبية بقيمة مئة مليون دولار إلى إيطاليا لمساعدة هذا البلد -الذي سجّل أكبر عدد من الوفيات الناجمة عن \"كوفيد-19\"- على التصدي للوباء.\r\n\r\nوعلى الصعيد الأميركي أيضا، رحبت مدينة نيويورك بوصول مستشفى عائم تابع للبحرية الأميركية يضم ألف سرير يوم الاثنين كبارقة أمل في معركة المدينة المستميتة مع وباء كورونا.\r\n\r\nوتجمع الناس على جانبي نهر هدسون في نيويورك لاستقبال السفينة \"كومفرت\" -وهي ناقلة نفط معدلة- لدى مرورها بتمثال الحرية برفقة سفن دعم وطائرات هليكوبتر.\r\n\r\nوقالت البحرية الأميركية إن السفينة \"كومفرت\" ستعالج مرضى آخرين غير المصابين بفيروس كورونا، بمن فيهم من يحتاجون إلى جراحات أو رعاية طبية.\r\nاعلان\r\n\r\n\r\nوفي السياق، أعلن الاتحاد الأميركي للتنس أنه ستبدأ إقامة مستشفى مؤقت بسعة 350 سريرا في جزء من مركز بيلي جان كينغ الوطني للعبة اليوم الثلاثاء، ضمن جهود احتواء انتشار فيروس كورونا في نيويورك.\r\n\r\nويأتي هذا الإعلان بعد يوم واحد من بدء سلطات نيويورك العمل في إقامة مستشفى بسعة 68 سريرا في حديقة سنترال بارك مع تزايد أعداد المصابين والوفيات بالمدينة بسبب انتشار الوباء.\r\n\r\nمن جهتها، أعلنت وزارة الدفاع الأميركية (البنتاغون) وفاة أول جندي أميركي بسبب فيروس كورونا، مشيرة أيضا إلى زيادة حادة جديدة في عدد الجنود المصابين.\r\n\r\nوفي وقت سابق يوم الاثنين قالت وزارة الدفاع إنه تأكدت إصابة 568 جنديا بالفيروس ارتفاعا من 280 يوم الخميس.\r\n\r\nتشغيل الفيديو\r\n \r\nأوروبا تئن\r\nولا تزال أوروبا المتضرر الأكبر من هذا الفيروس، إذ تجاوز عدد الإصابات فيها 408 آلاف، كما تنفرد القارة بأكثر من نصف الوفيات الناجمة عن الفيروس، ففي إيطاليا وحدها حصد كورونا 11 ألفا و591 شخصا.\r\n\r\nومن المقرر أن تشهد إيطاليا دقيقة صمت في وقت لاحق الثلاثاء، تكريما لضحايا الوباء.\r\n\r\nوفي إسبانيا -ثاني بلد في العالم من حيث عدد الوفيات الناجمة عن كورونا- أعلنت السلطات عن 812 وفاة جديدة بالفيروس خلال 24 ساعة، لتتجاوز حصيلتها في الوفيات الصين التي ظهر فيها المرض أولا.\r\nاعلان\r\n\r\n\r\nكما حظرت السلطات كل المراسم الجنائزية وحدّدت عدد المسموح بمشاركتهم في دفن أيّ ميت بثلاثة أشخاص على الأكثر، وذلك في مسعى لمكافحة تفشّي الوباء.\r\n\r\nوبدأت إسبانيا اليوم الثلاثاء تنفيذ حظر تجول مشدد ومثير للجدل لمكافحة انتشار فيروس كورونا المستجد.\r\n\r\nوسجلت حتى مساء الاثنين في إسبانيا -وفقا لبيانات منظمة الصحة العالمية- 85199 حالة إصابة مؤكدة بفيروس كورونا، و7424 وفاة، بينما تماثل للشفاء من المرض 16780 شخصا. \r\n\r\nورغم ذلك، قال وزير الخارجية الإسباني إن بلاده بدأت تشهد تراجعا في الأعداد اليومية للوفيات والإصابات الجديدة بالفيروس منذ منتصف الأسبوع الماضي، وذلك رغم تسجيلها اليومي لما يفوق ثمانمئة وفاة.\r\n\r\nمن جهتها، قالت مصادر طبية فرنسية إن المستشفيات باتت شبه عاجزة عن استيعاب عدد المرضى المتزايد يوما بعد آخر. وحذر طبيب فرنسي من مغبة أن يصلوا يوما إلى الاختيار بين المرضى.\r\n\r\nوقد بلغ عدد وفيات كورونا في فرنسا 3024، بينما تعافى نحو ثمانية آلاف شخص.\r\nاعلان\r\n\r\n\r\nوقررت السلطات الفرنسية إغلاق مطار أورلي الدولي بدءا من اليوم الثلاثاء ضمن جهود احتواء الوباء. في السياق نفسه، حذرت السلطات الصحية من عواقب التداوي دون وصفة طبية.\r\n\r\nوفي ألمانيا، أظهرت إحصاءات معهد روبرت كوخ للأمراض المعدية اليوم الثلاثاء أن عدد حالات الإصابة المؤكدة بفيروس كورونا في البلاد ارتفع إلى 61913، كما قفز عدد حالات الوفاة بالمرض إلى 583 شخصا.\r\n\r\nوفي تركيا، أطلق الرئيس رجب طيب أردوغان الاثنين حملة لجمع التبرعات من أجل التصدي لتداعيات تفشي فيروس كورونا المستجد، معلنا أنه سيتبرع براتبه لمدة سبعة أشهر.\r\n\r\nودعا أردوغان الأتراك -وخاصة رجال الأعمال- إلى التبرع من أموالهم الخاصة، مشيرا إلى أن \"وزرائي تبرّعوا برواتبهم لمدد تتراوح بين ثلاثة وستة أشهر\".\r\n\r\nوسجلت تركيا نحو 11 ألف إصابة بكوفيد- 19، بينها 168 حالة وفاة، بحسب حصيلة رسمية نشرت الاثنين.\r\n\r\nوقال أردوغان -في خطابه- إنه تم فرض الحجر في 41 منطقة تركية لمكافحة تفشي الوباء.\r\nاعلان\r\n\r\n\r\nوأشاد الرئيس التركي بقدرة بلاده من حيث عدد \"العاملين في مجال الصحة، ومستوى الأدوية والمعدات الطبية، وأسرّة العناية المركزة\". وقال تركيا في وضع جيد مقارنة بالدول الأخرى.\r\n\r\nوأضاف \"نستطيع تلبية حاجاتنا بأنفسنا من كمامات الوقاية الطبية وأجهزة فحص كورونا وأدوية تقوية مناعة الجسم\".\r\n\r\nوكشف أن تركيا سترسل الأربعاء طائرة محمّلة باللوازم الطبية إلى إسبانيا، وسفينة تابعة للهلال الأحمر التركي إلى إيطاليا تصل في الأيام المقبلة.\r\n\r\nتشغيل الفيديو\r\n \r\nكورونا في العالم العربي\r\nعربيا، كشفت تونس عن خمسين إصابة جديدة بفيروس كورونا، ليرتفع إجمالي الإصابات إلى 362، كما ارتفع عدد الوفيات إلى عشر بعد وفاتين جديدتين.\r\n\r\nكما أعلن الناطق باسم الحكومة الفلسطينية إبراهيم ملحم تسجيل إصابة فلسطيني بفيروس كورونا، ليرتفع إجمالي عدد المصابين إلى 117.\r\n\r\nوفي موريتانيا، أعلنت وزارة الصحة أول وفاة، وهي لامرأة في الأربعين من عمرها كانت قيد الحجر الصحي. وحتى الحين سجلت موريتانيا ست حالات إصابة فقط.\r\n\r\nوفي مصر، دعت منظمة الصحة العالمية السلطات إلى توفير مزيد من أماكن الرعاية الصحية، وقال مدير إدارة الأمراض المعدية بالمكتب الإقليمي لشرق المتوسط في المنظمة إيفان هوتين \"للأسف، هناك سيناريو لاحتمال انتقال المرض على نطاق أوسع، مما قد يؤدي إلى أعداد كبيرة من الحالات في مصر\".\r\nاعلان\r\n\r\n\r\nوأعلنت وزارة الصحة الاثنين ارتفاع عدد الإصابات المؤكدة بفيروس كورونا في البلاد إلى 656، والوفيات إلى 41.\r\n\r\nوفي قطر، ارتفع عدد الإصابات إلى 693 بعد تسجيل 59 حالة جديدة، في حين بلغ عدد حالات الشفاء 51.\r\n\r\nوفي السودان، أعلنت السلطات تأجيل امتحانات شهادة التعليم الثانوي إلى أجل يُحدد لاحقا، في إطار إجراءاتها للحد من انتشار فيروس كورونا.\r\n\r\nوفي المغرب، سُجلت ست وفيات جديدة، ليرتفع العدد الإجمالي إلى 33، وزادت الإصابات 71 حالة، ليصل العدد الإجمالي إلى 534.\r\n\r\nوفي السعودية، أعلنت وزارة الداخلية تطبيق إجراءات احترازية إضافية بعدد من الأحياء السكنية في مكة المكرمة ومنع التجول فيها بداية من اليوم.\r\n\r\nونقلت وكالة الأنباء الرسمية عن مصدر مسؤول بوزارة الداخلية قوله إنه تم عزل أحياء أجياد والمصافي والمسفلة وكذلك الحجون والنكاسة وحوش بكر في مكة المكرمة.\r\n', '202003300731066703.jpeg', 1, NULL, 1, NULL, NULL, '1', '1', '1', '1', '2020-03-30 04:31:06', '2020-03-31 23:14:16', 23),
(83, 'ما هي نوعية الكتب المفضلة لديكم ؟', NULL, 'تمكن عدد من المعتقلين التابعين لتنظيم داعش من الهروب من سجن الغويران في محافظة الحسكة السورية التي تسيطر عليها قوات سوريا الديمقراطية المدعومة أمريكيا، فيما قامت عدد من المروحيات التابعة للجيش الأمريكي بملاحقهم.', NULL, NULL, '202003300731251565.jpeg', 3, NULL, 2, NULL, NULL, '1', '1', '1', '1', '2020-03-30 04:31:25', '2020-03-31 23:42:00', 2),
(84, 'عودة نيمار الى برشلونة لا تزال على نار حامية رغم انتهاء الانتقالات الصيفية', NULL, 'وقال مصدر من قوات سوريا الديمقراطية في تصريح لقناة \"سكاي نيوز\" الإماراتية أن عناصر داعش يسيطرون حالياً على الطابق السفلي من السجن، وسط حالة استنفار كبيرة بين مسلحي \"قسد\" الذين استقدموا تعزيزات للمنطقة بهدف احتواء الموقف.\r\n\r\n', NULL, NULL, '202003300735228235.jpeg', 1, NULL, 3, NULL, NULL, '0', '0', '0', '0', '2020-03-30 04:35:22', '2020-03-31 23:14:39', 2),
(85, 'صباح الرياضة المصرية: عودة \"طاهر\" لحسابات الأهلي.. صفقة هجومية للزمالك', NULL, 'يشار إلى أن السجن الذي يضم المئات من معتقلي تنظيم داعش يقع على أطراف حي يدعى غويران عند المدخل الجنوبي لمدينة الحسكة.\r\n\r\n', NULL, NULL, '20200330073539184.jpeg', 2, NULL, 1, NULL, NULL, '1', '1', '1', '1', '2020-03-30 04:35:39', '2020-03-31 23:14:32', 2),
(86, 'تكنولوجيا العالم بين الحاضر والماضي', NULL, 'وذكرت مصادر ميدانية أن هروب المعتقلين تزامن مع سماع دوي طلقات نارية في محيط السجن، ورجحت أنها ناتجة عن محاولة مسلحي \"قسد\" احتواء الموقف بالقوة.\r\n\r\n', NULL, NULL, '202003300736146009.jpeg', 1, NULL, 1, NULL, NULL, '1', '1', '1', '1', '2020-03-30 04:36:14', '2020-03-30 04:36:14', 0),
(87, 'أبرز 5 تطبيقات لتعديل صورك الشخصية عبر هاتفك', NULL, 'وقال مصدر من قوات سوريا الديمقراطية في تصريح لقناة \"سكاي نيوز\" الإماراتية أن عناصر داعش يسيطرون حالياً على الطابق السفلي من السجن، وسط حالة استنفار كبيرة بين مسلحي \"قسد\" الذين استقدموا تعزيزات للمنطقة بهدف احتواء الموقف.\r\n\r\n', NULL, NULL, '202003300736341296.jpeg', 3, NULL, 2, NULL, NULL, '0', '1', '1', '1', '2020-03-30 04:36:34', '2020-04-01 06:47:26', 1),
(88, 'ميسي: لاعبو برشلونة وافقوا على خصم 70% من رواتبهم وتعويض الموظفين والعمال', NULL, 'قال مسؤول في منظمة الصحة العالمية اليوم الثلاثاء إن وباء فيروس كورونا \"أبعد ما يكون عن الانتهاء\" في منطقة آسيا والمحيط الهادي، وبينما تجاوز عدد الوفيات بسبب الفيروس في الولايات المتحدة ثلاثة آلاف، ما زالت أوروبا تئن حيث تنفرد بأكثر من نصف وفيات كورونا.\r\n\r\n', NULL, NULL, '202003311053424665.jpeg', 1, NULL, 2, NULL, NULL, '1', '1', '1', '1', '2020-03-31 07:53:42', '2020-03-31 07:53:42', 0),
(89, 'ثلاثة أطباء مسلمون أول وفيات الصف الأمامي لمواجهة كورونا في بريطانيا', NULL, 'أول ثلاثة أطباء فقدوا حياتهم بسبب فيروس كورونا المستجد في بريطانيا هم أطباء مسلمون، كانوا في الخط الأمامي لمواجهة الوباء الذي نال منهم وهم في غمرة أداء واجبهم المهني لمساعدة المرضى المصابين بالفيروس.\r\n', NULL, NULL, '202003311055097579.jpeg', 3, NULL, 2, NULL, NULL, '1', '1', '1', '1', '2020-03-31 07:55:09', '2020-03-31 07:55:09', 0),
(90, 'أمن غزة يعتقل عملاء تجسسوا على المقاومة ومسيرات العودة', NULL, 'أكد جهاز أمني في قطاع غزة أنه اعتقل عددا من المتخابرين مع إسرائيل، كلّفتهم بمراقبة فعاليات مسيرات العودة وكسر الحصار على الحدود الشرقية لقطاع غزة.\r\n\r\n', NULL, NULL, '202003311056133784.jpeg', 2, NULL, 1, NULL, NULL, '0', '0', '0', '0', '2020-03-31 07:56:13', '2020-04-01 07:47:17', 12),
(91, 'أحدث الحلقات خطر الكورونا على الأسرى الفلسطينيين في سجون الاحتلال', NULL, 'برنامج أسبوعي سياسي يعالج الشأن الفلسطيني بمختلف أبعاده الداخلية والخارجية، ويناقش البرنامج من خلال حوار مع المسؤولين والخبراء أهم ما يشغل المواطن الفلسطيني في الداخل والشتات. تقديم: يارا العملة', NULL, NULL, '202003312248563288.jpg', 1, NULL, 1, NULL, NULL, '1', '1', '1', '1', '2020-03-31 19:48:56', '2020-04-01 07:55:41', 12);

-- --------------------------------------------------------

--
-- Table structure for table `users`
--

CREATE TABLE `users` (
  `id` bigint(20) UNSIGNED NOT NULL,
  `name` varchar(255) COLLATE utf8mb4_unicode_ci NOT NULL,
  `email` varchar(255) COLLATE utf8mb4_unicode_ci NOT NULL,
  `img` varchar(500) COLLATE utf8mb4_unicode_ci NOT NULL,
  `email_verified_at` timestamp NULL DEFAULT NULL,
  `password` varchar(255) COLLATE utf8mb4_unicode_ci NOT NULL,
  `remember_token` varchar(100) COLLATE utf8mb4_unicode_ci DEFAULT NULL,
  `created_at` timestamp NULL DEFAULT NULL,
  `updated_at` timestamp NULL DEFAULT NULL
) ENGINE=InnoDB DEFAULT CHARSET=utf8mb4 COLLATE=utf8mb4_unicode_ci;

--
-- Dumping data for table `users`
--

INSERT INTO `users` (`id`, `name`, `email`, `img`, `email_verified_at`, `password`, `remember_token`, `created_at`, `updated_at`) VALUES
(1, 'حسام نصرالله', 'abusiraj84@gmail.com', 'husam.jpg', NULL, '$2y$10$h11f99xsLphbmW5hCLGlMu5/YV5HbJ4gg/lCqrpEKevnoWJJqPRo.', 'Dq1vtKV8VQZp881hp6byWyXrTO9ZTrh6lYCz0UH951j9IR3OtKnI2ybVrJpd', '2020-03-27 09:04:55', '2020-03-27 09:04:55'),
(2, 'علي القضاة', 'ozoneistanbul@gmail.com', 'ali.jpeg', NULL, '$2y$10$/fv67rtWwEL/gJ92AV57qetSV9dQ4pZhkqugzKqZwGkUNGdaiVksS', NULL, '2020-03-31 20:20:50', '2020-03-31 20:20:50'),
(3, 'يحيى سالم', 'alialjoujou@gmail.com', 'yahya.jpg', NULL, '$2y$10$O0w6fjooNHWWgO6kK0hQPOJZVOnNfU1xuFTPFFWA51XdbwstJKgfK', NULL, '2020-03-31 20:21:59', '2020-03-31 20:21:59');

--
-- Indexes for dumped tables
--

--
-- Indexes for table `categories`
--
ALTER TABLE `categories`
  ADD PRIMARY KEY (`id`);

--
-- Indexes for table `failed_jobs`
--
ALTER TABLE `failed_jobs`
  ADD PRIMARY KEY (`id`);

--
-- Indexes for table `migrations`
--
ALTER TABLE `migrations`
  ADD PRIMARY KEY (`id`);

--
-- Indexes for table `password_resets`
--
ALTER TABLE `password_resets`
  ADD KEY `password_resets_email_index` (`email`);

--
-- Indexes for table `posts`
--
ALTER TABLE `posts`
  ADD PRIMARY KEY (`id`);

--
-- Indexes for table `users`
--
ALTER TABLE `users`
  ADD PRIMARY KEY (`id`),
  ADD UNIQUE KEY `users_email_unique` (`email`);

--
-- AUTO_INCREMENT for dumped tables
--

--
-- AUTO_INCREMENT for table `categories`
--
ALTER TABLE `categories`
  MODIFY `id` bigint(20) UNSIGNED NOT NULL AUTO_INCREMENT, AUTO_INCREMENT=4;

--
-- AUTO_INCREMENT for table `failed_jobs`
--
ALTER TABLE `failed_jobs`
  MODIFY `id` bigint(20) UNSIGNED NOT NULL AUTO_INCREMENT;

--
-- AUTO_INCREMENT for table `migrations`
--
ALTER TABLE `migrations`
  MODIFY `id` int(10) UNSIGNED NOT NULL AUTO_INCREMENT, AUTO_INCREMENT=17;

--
-- AUTO_INCREMENT for table `posts`
--
ALTER TABLE `posts`
  MODIFY `id` bigint(20) UNSIGNED NOT NULL AUTO_INCREMENT, AUTO_INCREMENT=92;

--
-- AUTO_INCREMENT for table `users`
--
ALTER TABLE `users`
  MODIFY `id` bigint(20) UNSIGNED NOT NULL AUTO_INCREMENT, AUTO_INCREMENT=4;
